{"cameraMode":{"drawMode":0,"name":"Shaded","section":"Shading Mode"},"sceneLighting":true,"audioPlay":false,"sceneViewState":{"showFog":true,"showMaterialUpdate":false,"showSkybox":true,"showFlares":true,"showImageEffects":true,"showParticleSystems":true},"in2DMode":false,"pivot":{"x":-1.7261749505996705,"y":-8.112687110900879,"z":-15.459823608398438},"rotation":{"x":0.042708925902843478,"y":-0.9427556991577148,"z":0.30283695459365847,"w":0.13295654952526093},"size":30.313817977905275,"orthographic":false}