{"cameraMode":{"drawMode":0,"name":"Shaded","section":"Shading Mode"},"sceneLighting":false,"audioPlay":false,"sceneViewState":{"showFog":true,"showMaterialUpdate":false,"showSkybox":true,"showFlares":true,"showImageEffects":true,"showParticleSystems":true},"in2DMode":false,"pivot":{"x":-3.213580369949341,"y":2.2671310901641847,"z":-28.906797409057618},"rotation":{"x":-0.22927217185497285,"y":-0.19326399266719819,"z":0.04650149121880531,"w":-0.9528488516807556},"size":7.399009704589844,"orthographic":false}