{"cameraMode":{"drawMode":0,"name":"Shaded","section":"Shading Mode"},"sceneLighting":true,"audioPlay":false,"sceneViewState":{"showFog":true,"showMaterialUpdate":false,"showSkybox":true,"showFlares":true,"showImageEffects":true,"showParticleSystems":true},"in2DMode":false,"pivot":{"x":3.138035774230957,"y":-22.352157592773439,"z":15.421712875366211},"rotation":{"x":0.42502960562705996,"y":0.11892613768577576,"z":-0.05644071102142334,"w":0.8955562710762024},"size":45.5809211730957,"orthographic":false}