{"cameraMode":{"drawMode":0,"name":"Shaded","section":"Shading Mode"},"sceneLighting":false,"audioPlay":false,"sceneViewState":{"showFog":true,"showMaterialUpdate":false,"showSkybox":true,"showFlares":true,"showImageEffects":true,"showParticleSystems":true},"in2DMode":false,"pivot":{"x":0.0356716550886631,"y":-0.0353752076625824,"z":0.09536979347467423},"rotation":{"x":0.09763392806053162,"y":-0.9006723165512085,"z":0.32705146074295046,"w":0.2688761353492737},"size":0.5857886075973511,"orthographic":false}