{"cameraMode":{"drawMode":0,"name":"Shaded","section":"Shading Mode"},"sceneLighting":false,"audioPlay":false,"sceneViewState":{"showFog":true,"showMaterialUpdate":false,"showSkybox":true,"showFlares":true,"showImageEffects":true,"showParticleSystems":true},"in2DMode":false,"pivot":{"x":-0.5550000071525574,"y":-0.2459999918937683,"z":-0.00599999725818634},"rotation":{"x":-0.22028937935829163,"y":-0.38068270683288576,"z":0.09389097988605499,"w":-0.8931617140769959},"size":0.7144709229469299,"orthographic":false}