{"cameraMode":{"drawMode":0,"name":"Shaded","section":"Shading Mode"},"sceneLighting":false,"audioPlay":false,"sceneViewState":{"showFog":true,"showMaterialUpdate":false,"showSkybox":true,"showFlares":true,"showImageEffects":true,"showParticleSystems":true},"in2DMode":false,"pivot":{"x":24.95842742919922,"y":4.770000457763672,"z":24.03091049194336},"rotation":{"x":0.030787011608481408,"y":-0.9637976288795471,"z":0.23189063370227815,"w":0.12795723974704743},"size":35.045326232910159,"orthographic":false}