{"cameraMode":{"drawMode":0,"name":"Shaded","section":"Shading Mode"},"sceneLighting":false,"audioPlay":false,"sceneViewState":{"showFog":true,"showMaterialUpdate":false,"showSkybox":true,"showFlares":true,"showImageEffects":true,"showParticleSystems":true},"in2DMode":false,"pivot":{"x":12.1702880859375,"y":0.7876560688018799,"z":10.286409378051758},"rotation":{"x":0.03746801242232323,"y":-0.9585617184638977,"z":0.23917770385742188,"w":0.15016546845436097},"size":3.425464391708374,"orthographic":false}