{"cameraMode":{"drawMode":0,"name":"Shaded","section":"Shading Mode"},"sceneLighting":true,"audioPlay":false,"sceneViewState":{"showFog":true,"showMaterialUpdate":false,"showSkybox":true,"showFlares":true,"showImageEffects":true,"showParticleSystems":true},"in2DMode":false,"pivot":{"x":-17.475780487060548,"y":-2.6125757694244386,"z":-30.87314796447754},"rotation":{"x":0.10082691162824631,"y":-0.8659314513206482,"z":0.19410771131515504,"w":0.4497988224029541},"size":16.062030792236329,"orthographic":false}