{"cameraMode":{"drawMode":0,"name":"Shaded","section":"Shading Mode"},"sceneLighting":true,"audioPlay":false,"sceneViewState":{"showFog":true,"showMaterialUpdate":false,"showSkybox":true,"showFlares":true,"showImageEffects":true,"showParticleSystems":true},"in2DMode":false,"pivot":{"x":30.616146087646486,"y":1.9271059036254883,"z":40.607418060302737},"rotation":{"x":0.19542096555233003,"y":0.12529319524765016,"z":-0.025090670213103296,"w":0.972412645816803},"size":52.05141830444336,"orthographic":false}